INSERT INTO APPLICATION_DETAIL_ENTITY VALUES('Application1', 'Test Application to run certain features in the vehicle','Y', 'Y', 'Y', 'Generically Signed', 'Y', 'Y', 'Y', 'N', 'Y', 'Y');
INSERT INTO APPLICATION_DETAIL_ENTITY VALUES('Application2', 'Application to modulate ambient light','Y', 'Y', 'Y', 'Generically Signed', 'N', 'Y', 'N', 'Y', 'N', 'N');
insert into MGMFile values('SA-11-TT', '0xC7C1DA2F', current_timestamp, '0x61192B821A9EA47D72DD360175C7A8EE', 'TAR.GZ', '1664508640', '1664508640');
insert into MGMFile values('VA-16-AA', '0xC7C1DA2F', current_timestamp , '0x61192B821A9EA47D72DD360175C7A8EE', 'TAR.GZ', '1664508640', '1664508640');
insert into PROTOCOL values('SA-11-TT', 'OTA', 'YES');
insert into PROTOCOL values('SA-11-TT', 'USB', 'NO');
insert into PROTOCOL values('VA-16-AA', 'USB', 'NO');
insert into values_entity values (1,'Application1', 'CS');
insert into values_entity values (2,'Application1', 'DA');
insert into values_entity values (3,'Application1', 'DE');
insert into values_entity values (4,'Application1', 'FR-FR');
insert into values_entity values (5,'Application1', 'PL');
insert into values_entity values (6,'Application1', 'PT-PT');
insert into values_entity values (7,'Application1', 'RU');
insert into values_entity values (8,'Application1', 'SV');
insert into values_entity values (9,'Application1', 'TR');
insert into COMPATIBLE_ASSEMBLIES values (1,'SA-12-AAA','Application1');
insert into COMPATIBLE_ASSEMBLIES values (2,'SA-12-AAB','Application1');
insert into COMPATIBLE_ASSEMBLIES values (3,'SA-12-AAC','Application1');
insert into COMPATIBLE_ASSEMBLIES values (4,'SA-12-FAA','Application1');
insert into COMPATIBLE_ASSEMBLIES values (5,'SA-12-FAB','Application1');
insert into COMPATIBLE_ASSEMBLIES values (6,'SA-12-FAC','Application1');
insert into FUNCTIONAL_TYPE_VALUES values ('Application1', 'Custom Application');
insert into values_entity values (10,'Application2', 'CS');
insert into values_entity values (11,'Application2', 'DA');
insert into values_entity values (12,'Application2', 'EN-GB');
insert into values_entity values (13,'Application2', 'NL');
insert into values_entity values (14,'Application2', 'NO');
insert into values_entity values (15,'Application2', 'PL');
insert into values_entity values (16,'Application2', 'SV');
insert into values_entity values (17,'Application2', 'TR');
insert into COMPATIBLE_ASSEMBLIES values (7,'VA-17-OP','Application2');
insert into COMPATIBLE_ASSEMBLIES values (8,'VA-17-QP','Application2');
insert into FUNCTIONAL_TYPE_VALUES values ('Application2', 'Language Pack');
INSERT INTO Application_part_detail VALUES('Application1', '1664508640','SA-11-TT', 'True', 'SA-11-TS', '1.0');
INSERT INTO Application_part_detail VALUES('Application2', '1664508640','VA-16-AA', 'True', 'VA-16-AB', '2.0');